date,open,high,low,close,volume,macd,signal,hist
2022-04-03,45810.99,47444.11,45530.92,46407.35,33394.67794,0.0,0.0,0.0
2022-04-04,46407.36,46890.71,45118.0,46580.51,44641.87514,13.813333333331684,2.762666666666337,11.050666666665347
2022-04-05,46580.5,47200.0,45353.81,45497.55,42192.74852,-61.91164292497706,-10.172195251662343,-51.739447673314714
2022-04-06,45497.54,45507.14,43121.0,43170.47,60849.32936,-306.17079363532685,-69.37191492839524,-236.7988787069316
2022-04-07,43170.47,43900.99,42727.35,43444.19,37396.54156,-472.21758358064835,-149.9410486588459,-322.27653492180247
2022-04-08,43444.2,43970.62,42107.14,42252.01,42375.04203,-692.0325035254937,-258.3593396321755,-433.6731638933182
2022-04-09,42252.02,42800.0,42125.48,42753.97,17891.66047,-816.3233666899614,-369.9521450437327,-446.3712216462287
2022-04-10,42753.96,43410.3,41868.0,42158.85,22771.09403,-951.8733778109599,-486.3363915971782,-465.53698621378174
2022-04-11,42158.85,42414.71,39200.0,39530.45,63560.44721,-1256.8989035859777,-640.4488939949381,-616.4500095910396
2022-04-12,39530.45,40699.0,39254.63,40074.94,57751.01778,-1438.1202824286665,-799.9831716816839,-638.1371107469827
2022-04-13,40074.95,41561.31,39588.54,41147.79,41342.27254,-1478.1305332891425,-935.6126440031758,-542.5178892859667
2022-04-14,41147.78,41500.0,39551.94,39942.38,36807.01401,-1588.790866205025,-1066.2482884435458,-522.5425777614792
2022-04-15,39942.37,40870.36,39766.4,40551.9,24026.35739,-1608.7620003561606,-1174.751030826069,-434.01096953009164
2022-04-16,40551.9,40709.35,39991.55,40378.71,15805.44718,-1619.891156738311,-1263.7790560085173,-356.11210072979384
2022-04-17,40378.7,40595.67,39546.17,39678.12,19988.49259,-1666.0378045392863,-1344.230805714671,-321.8069988246152
2022-04-18,39678.11,41116.73,38536.51,40801.13,54243.49575,-1593.6215564683662,-1394.1089558654103,-199.5126006029559
2022-04-19,40801.13,41760.0,40571.0,41493.18,35788.85843,-1463.5179825499217,-1407.9907612023128,-55.52722134760893
2022-04-20,41493.19,42199.0,40820.0,41358.19,40877.35041,-1355.675148482187,-1397.5276386582877,41.85249017610067
2022-04-21,41358.19,42976.0,39751.0,40480.01,59316.27657,-1325.787855141578,-1383.1796819549459,57.39182681336797
2022-04-22,40480.01,40795.06,39177.0,39709.18,46664.0196,-1348.7539033203939,-1376.2945262280355,27.54062290764159
2022-04-23,39709.19,39980.0,39285.0,39441.6,20291.42375,-1372.722244163393,-1375.580069815107,2.857825651713938
2022-04-24,39441.61,39940.0,38929.62,39450.13,26703.61186,-1375.1768446054775,-1375.4994247731813,0.3225801677037907
2022-04-25,39450.12,40616.0,38200.0,40426.08,63037.12784,-1283.5748723637516,-1357.1145142912953,73.5396419275437
2022-04-26,40426.08,40797.31,37702.26,38112.65,66650.258,-1381.7264340277616,-1362.0368982385887,-19.68953578917285
2022-04-27,38112.64,39474.72,37881.31,39235.72,57083.12272,-1353.290005883864,-1360.2875197676437,6.997513883779675
2022-04-28,39235.72,40372.63,38881.43,39742.07,56086.6715,-1275.196052142819,-1343.2692262426788,68.07317409985967
2022-04-29,39742.06,39925.25,38175.0,38596.11,51453.65715,-1290.8947943440726,-1332.7943398629577,41.899545518885134
2022-04-30,38596.11,38795.38,37578.2,37630.8,35321.18989,-1365.4881132271767,-1339.3330945358016,-26.155018691375062
2022-05-01,37630.8,38675.0,37386.38,38468.35,38812.24104,-1341.555948668618,-1339.777665362365,-1.778283306252888
2022-05-02,38468.35,39167.34,38052.0,38525.16,53200.92628,-1302.9854385595609,-1332.4192200018042,29.433781442243344
2022-05-03,38525.16,38651.51,37517.8,37728.95,40316.45358,-1321.432868661468,-1330.2219497337371,8.789081072269028
2022-05-04,37728.95,40023.77,37670.0,39690.0,62574.61736,-1164.3898823463169,-1297.0555362562532,132.66565390993628
2022-05-05,39690.0,39845.51,35571.9,36552.97,88722.43355,-1278.3285126424598,-1293.3101315334945,14.981618891034714
2022-05-06,36552.97,36675.63,35258.0,36013.77,68437.80187,-1396.0419293970772,-1313.8564911062113,-82.18543829086593
2022-05-07,36013.77,36146.3,34785.0,35472.39,34281.70682,-1515.5452396248002,-1354.1942408099292,-161.350998814871
2022-05-08,35472.4,35514.22,33713.95,34038.4,72445.64344,-1706.2943830838485,-1424.6142692647131,-281.6801138191354
2022-05-09,34038.39,34243.15,30033.33,30076.31,191876.926428,-2152.3609270123416,-1570.1636008142389,-582.1973261981027
2022-05-10,30074.23,32658.99,29730.4,31017.1,165532.00311,-2402.266157417718,-1736.584112134935,-665.6820452827833
2022-05-11,31017.11,32162.59,27785.0,29103.94,207063.739278,-2723.301353234834,-1933.927560354915,-789.3737928799192
2022-05-12,29103.94,30243.0,26700.0,29029.75,204507.263138,-2949.7081721430077,-2137.0836827125336,-812.6244894304741
2022-05-13,29029.74,31083.37,28751.67,29287.05,97872.36957,-3072.9521679013415,-2324.2573797502955,-748.6947881510459
2022-05-14,29287.05,30343.27,28630.0,30086.74,51095.87863,-3070.698521639053,-2473.545608128047,-597.1529135110059
2022-05-15,30086.74,31460.0,29480.0,31328.89,46275.66912,-2934.8502401328187,-2565.8065345290015,-369.0437056038172
2022-05-16,31328.89,31328.9,29087.04,29874.01,73082.19658,-2911.0296179825455,-2634.85115121971,-276.17846676283534
2022-05-17,29874.01,30788.37,29450.38,30444.93,56724.13307,-2813.6491348963536,-2670.610747955039,-143.03838694131446
2022-05-18,30444.93,30709.99,28654.47,28715.32,59749.15799,-2843.264093904083,-2705.141417144848,-138.12267675923476
2022-05-19,28715.33,30545.18,28691.38,30319.23,67877.36415,-2706.1175906320204,-2705.3366518422827,-0.7809387897377746
2022-05-20,30319.22,30777.33,28730.0,29201.01,60517.25325,-2657.030414670924,-2695.6754044080108,38.64498973708669
2022-05-21,29201.01,29656.18,28947.28,29445.06,20987.13124,-2568.823876072678,-2670.3050987409447,101.48122266826658
2022-05-22,29445.07,30487.99,29255.11,30293.94,36158.98748,-2402.724919893735,-2616.789062971503,214.06414307776777
2022-05-23,30293.93,30670.51,28866.35,29109.15,63901.49932,-2339.722091891501,-2561.375668755503,221.65357686400193
2022-05-24,29109.14,29845.86,28669.0,29654.58,59442.96036,-2220.1873167684826,-2493.137998358099,272.9506815896166
2022-05-25,29654.58,30223.74,29294.21,29542.15,59537.38659,-2110.2022101419716,-2416.5508407148736,306.34863057290204
2022-05-26,29542.14,29886.64,28019.56,29201.35,94581.65463,-2027.1699789087615,-2338.674668353651,311.50468944488966
2022-05-27,29201.35,29397.66,28282.9,28629.8,90998.5201,-1984.6083165020173,-2267.8613979833244,283.25308148130716
2022-05-28,28629.81,29266.0,28450.0,29031.33,34479.35127,-1896.6147825194967,-2193.6120748905587,296.99729237106203
2022-05-29,29031.33,29587.78,28839.21,29468.1,27567.34764,-1771.2180845842522,-2109.1332768292978,337.91519224504555
2022-05-30,29468.1,32222.0,29299.62,31734.22,96785.9476,-1472.014881534309,-1981.7095977703,509.6947162359909
2022-05-31,31734.23,32399.0,31200.01,31801.04,62433.11632,-1215.4909488708581,-1828.4658679904119,612.9749191195538
2022-06-01,31801.05,31982.97,29301.0,29805.83,103395.63382,-1159.8209623240436,-1694.7368868571384,534.9159245330948
2022-06-02,29805.84,30689.0,29594.55,30452.62,56961.42928,-1051.3917596184328,-1566.0678614093974,514.6761017909646
2022-06-03,30452.63,30699.0,29282.36,29700.21,54067.44727,-1014.4797431440238,-1455.7502377563228,441.270494612299
2022-06-04,29700.21,29988.88,29485.0,29864.04,25617.90113,-960.9299895741096,-1356.78618811988,395.85619854577044
2022-06-05,29864.03,30189.0,29531.42,29919.21,23139.9281,-903.6232596880109,-1266.1536024335062,362.5303427454953
2022-06-06,29919.2,31765.64,29890.23,31373.1,68836.92456,-732.4472945671332,-1159.4123408602316,426.96504629309834
2022-06-07,31373.1,31589.6,29218.96,31125.33,110674.51658,-609.7532216710897,-1049.480517022403,439.7272953513134
2022-06-08,31125.32,31327.22,29843.88,30204.77,68542.61276,-580.1116178730954,-955.6067371925417,375.4951193194463
2022-06-09,30204.77,30700.0,29944.1,30109.93,46291.1865,-557.8427645513257,-876.0539426642985,318.2111781129728
2022-06-10,30109.93,30382.8,28850.0,29091.88,76204.2498,-615.250440557902,-823.8932422430192,208.6428016851172
2022-06-11,29091.87,29440.41,28099.99,28424.7,65901.39895,-706.4388996450143,-800.4023737234183,93.96347407840403
2022-06-12,28424.71,28544.96,26560.0,26574.53,92474.598809,-917.4241721532089,-823.8067334093764,-93.61743874383251
2022-06-13,26574.53,26895.84,21925.77,22487.41,254611.034966,-1398.309110190643,-938.7072087656297,-459.60190142501324
2022-06-14,22485.27,23362.88,20846.0,22136.41,187201.64671,-1787.13566722635,-1108.392900457774,-678.7427667685761
2022-06-15,22136.42,22800.0,20111.62,22583.72,200774.493467,-2035.7227912033122,-1293.8588786068817,-741.8639125964305
2022-06-16,22583.72,22995.73,20232.0,20401.31,99673.59429,-2381.381047410865,-1511.3633123676784,-870.0177350431866
2022-06-17,20400.6,21365.43,20246.66,20468.81,86694.33663,-2619.673059568795,-1733.0252618079019,-886.6477977608931
2022-06-18,20468.81,20792.06,17622.0,18970.79,196441.655524,-2896.0154273897533,-1965.6232949242724,-930.3921324654809
2022-06-19,18970.79,20815.95,17960.41,20574.0,128320.87595,-2951.6285597008755,-2162.824347879593,-788.8042118212825
2022-06-20,20574.0,21090.0,19637.03,20573.89,109028.94154,-2961.5720843355084,-2322.5738951707763,-638.9981891647321
2022-06-21,20573.9,21723.0,20348.4,20723.52,104371.0749,-2923.6761895696436,-2442.79435405055,-480.8818355190938
2022-06-22,20723.51,20900.0,19770.51,19987.99,92133.97938,-2919.342184387613,-2538.1039201179624,-381.2382642696507
2022-06-23,19988.0,21233.0,19890.07,21110.13,83127.08716,-2793.162297884457,-2589.1155956712614,-204.04670221319566
2022-06-24,21110.12,21558.41,20736.72,21237.69,77430.36622,-2652.2967765741814,-2601.751831851846,-50.54494472233546
2022-06-25,21237.68,21614.5,20906.62,21491.19,51431.67794,-2491.484225387223,-2579.6983105589215,88.21408517169857
2022-06-26,21491.18,21888.0,20964.73,21038.07,53278.10464,-2373.2448280141107,-2538.407614049959,165.1627860358485
2022-06-27,21038.08,21539.85,20510.0,20742.56,64475.0013,-2277.1350457073822,-2486.153100381444,209.01805467406166
2022-06-28,20742.57,21212.1,20202.01,20281.29,63801.0832,-2212.68156902026,-2431.4587941092072,218.77722508894703
2022-06-29,20281.28,20432.31,19854.92,20123.01,77309.04379,-2149.5944112851066,-2375.0859175443875,225.49150625928087
2022-06-30,20123.0,20179.08,18626.0,19942.21,93846.64806,-2090.0931405662777,-2318.0873621487654,227.99422158248763
2022-07-01,19942.21,20918.35,18975.0,19279.8,111844.59494,-2072.4984339852454,-2268.9695765160614,196.471142530816
2022-07-02,19279.8,19467.39,18977.01,19252.81,46180.3021,-2037.248240122779,-2222.625309237405,185.377069114626
2022-07-03,19252.82,19647.63,18781.0,19315.83,51087.46631,-1981.3868262405267,-2174.3776126380294,192.9907863975027
2022-07-04,19315.83,20354.01,19055.31,20236.71,74814.04601,-1841.5803415608098,-2107.8181584225854,266.2378168617756
2022-07-05,20236.71,20750.0,19304.4,20175.83,96041.13756,-1715.9152000987997,-2029.4375667578283,313.52236665902865
2022-07-06,20175.84,20675.22,19761.25,20564.51,82439.5808,-1566.8992037955322,-1936.9298941653692,370.030690369837
2022-07-07,20564.51,21838.1,20251.68,21624.98,85014.58261,-1347.696480722654,-1819.0832114768264,471.3867307541723
2022-07-08,21624.99,22527.37,21189.26,21594.75,403081.57349,-1163.009601041933,-1687.8684893898478,524.8588883479149
2022-07-09,21594.75,21980.0,21322.12,21591.83,178417.84468,-1005.2911670921749,-1551.3530249303135,546.0618578381386
2022-07-10,21592.15,21607.65,20655.0,20862.47,192188.21556,-928.4488479908832,-1426.7721895424274,498.3233415515442
2022-07-11,20861.11,20868.48,19875.23,19963.61,137535.40724,-929.3680698005192,-1327.291365594046,397.9232957935269
2022-07-12,19963.61,20059.42,19240.0,19328.75,139506.45862,-970.1412712775782,-1255.8613467307528,285.72007545317456
2022-07-13,19331.28,20366.61,18910.94,20234.87,209250.24888,-918.7472693433338,-1188.438531253269,269.6912619099353
2022-07-14,20234.87,20900.0,19616.07,20588.84,174809.21696,-839.7743359835367,-1118.7056921993226,278.93135621578585
2022-07-15,20588.84,21200.0,20382.29,20830.04,143343.3049,-749.0898516021116,-1044.7825240798804,295.69267247776884
2022-07-16,20830.04,21588.94,20478.61,21195.6,121011.67393,-640.3426361853017,-963.8945465009648,323.5519103156631
2022-07-17,21195.6,21684.54,20750.01,20798.16,118229.4525,-579.5490897911077,-887.0254551589934,307.4763653678857
2022-07-18,20799.58,22777.63,20762.45,22432.58,239942.73132,-394.93318774674844,-788.6070016765444,393.673813929796
2022-07-19,22432.58,23800.0,21579.54,23396.62,263770.76574,-168.88696035875546,-664.6629934129867,495.7760330542312
2022-07-20,23398.48,24276.74,22906.19,23223.3,238762.17094,-3.6866743954160484,-532.4677296094725,528.7810552140564
2022-07-21,23223.3,23442.77,22341.46,23152.19,184817.68191,120.11316987096507,-401.951549713385,522.0647195843501
2022-07-22,23152.19,23756.49,22500.0,22684.83,171598.43966,178.4562595968091,-285.8699878513462,464.3262474481553
2022-07-23,22684.83,23000.77,21934.57,22451.07,122137.77375,203.4854465945864,-187.9989009621597,391.4843475567461
2022-07-24,22448.58,23014.64,22257.15,22579.68,115189.67277,231.03577319860415,-104.19196613000693,335.22773932861105
2022-07-25,22577.13,22666.0,21250.0,21310.9,180344.76643,148.77468124222287,-53.598636655560966,202.37331789778383
2022-07-26,21310.9,21347.82,20706.5,21254.67,177817.24326,78.14408576366623,-27.25009217171553,105.39417793538175
2022-07-27,21254.67,23112.63,21042.53,22952.45,210971.19796,157.35163533729065,9.670253330085703,147.68138200720495
2022-07-28,22954.31,24199.72,22582.13,23842.93,236029.0741,288.65109286264124,65.46642123659682,223.1846716260444
2022-07-29,23845.25,24442.66,23414.03,23773.75,198298.50623,382.71293459489243,128.91572390825593,253.7972106866365
2022-07-30,23777.28,24668.0,23502.25,23643.51,151060.13211,441.6571931076869,191.46401774814214,250.19317535954477
2022-07-31,23644.64,24194.82,23227.31,23293.32,127743.32483,454.8700772062293,244.14522963975958,210.72484756646975
2022-08-01,23296.36,23509.68,22850.0,23268.01,144210.16219,458.0193160047238,286.92004691275247,171.09926909197134
2022-08-02,23266.9,23459.89,22654.37,22987.79,158073.28225,432.91334280121373,316.11870609044473,116.794636710769
2022-08-03,22985.93,23647.68,22681.22,22818.37,145948.80995,394.7949496326364,331.8539547988831,62.94099483375334
2022-08-04,22816.91,23223.32,22400.0,22622.98,154854.67016,344.8443572682845,334.45203529276336,10.392321975521156
2022-08-05,22622.41,23472.86,22586.95,23312.42,175251.69749,356.7774902333258,338.91712628087583,17.860363952449973
2022-08-06,23313.56,23354.36,22909.52,22954.21,83911.80307,333.48581389273386,337.83086380324744,-4.3450499105135805
2022-08-07,22954.21,23402.0,22844.62,23174.39,88890.00877,329.0011579120146,336.0649226250009,-7.063764712986313
2022-08-08,23174.39,24245.0,23154.25,23810.0,170958.44152,372.44216923296335,343.3403719465934,29.10179728636996
2022-08-09,23810.98,23933.25,22865.0,23149.95,143182.50858,349.57923315413063,344.58814418810084,4.991088966029793
2022-08-10,23151.32,24226.0,22664.69,23954.05,208916.54953,391.8275968171074,354.03603471390215,37.79156210320525
2022-08-11,23954.05,24918.54,23852.13,23934.39,249759.79557,418.8945757916081,367.0077429294434,51.88683286216468
2022-08-12,23933.09,24456.5,23583.0,24403.68,174207.5704,472.7634103067685,388.1588764049084,84.60453390186007
2022-08-13,24401.7,24888.0,24291.22,24441.38,152852.25435,512.5881278293964,413.044726689806,99.5434011395904
2022-08-14,24443.06,25047.56,24144.0,24305.24,151206.14473,527.0881985057677,435.8534210529983,91.23477745276932
2022-08-15,24305.25,25211.32,23773.22,24094.82,242539.54758,515.6563085968737,451.8139985617735,63.84231003510024
2022-08-16,24093.04,24247.49,23671.22,23854.74,179324.94821,481.67159361301674,457.7855175720222,23.886076040994567
2022-08-17,23856.15,24446.71,23180.4,23342.66,210668.68766,408.706570835202,447.9697282246582,-39.26315738945618
2022-08-18,23342.66,23600.0,23111.04,23191.2,144185.97011,334.8003385068878,425.3358502811041,-90.53551177421633
2022-08-19,23191.45,23208.67,20783.57,20834.39,283995.87747,85.07357142906767,357.28339451069684,-272.20982308162917
2022-08-20,20834.39,21382.85,20761.9,21140.07,183041.68363,-87.16607310688414,268.3935009871807,-355.5595740940648
2022-08-21,21140.07,21800.0,21069.11,21515.61,159200.6841,-191.16071115519662,176.48265855870525,-367.64336971390185
2022-08-22,21516.7,21548.71,20890.18,21399.83,222222.04526,-279.6955334305967,85.24702016084487,-364.94255359144154
2022-08-23,21400.75,21684.87,20890.14,21529.12,200967.77164,-335.5592769975847,1.085760729158963,-336.6450377267436
2022-08-24,21529.11,21900.0,21145.0,21368.08,174383.22046,-388.34962563840963,-76.80131654435476,-311.54830909405484
2022-08-25,21368.05,21819.88,21310.15,21559.04,169915.78301,-410.0506722870523,-143.45118769289428,-266.599484594158
2022-08-26,21559.04,21886.77,20107.9,20241.05,273811.61955,-527.5187780968226,-220.26470577367996,-307.2540723231427
2022-08-27,20239.14,20402.93,19800.0,20037.6,162582.46032,-629.7702139523753,-302.1658074094191,-327.60440654295627
2022-08-28,20037.6,20171.18,19520.0,19555.61,139307.95976,-741.1542139651065,-389.9634887205566,-351.19072524454987
2022-08-29,19555.61,20433.62,19550.79,20285.73,210509.49545,-761.7314878900106,-464.3170885544474,-297.4143993355632
2022-08-30,20287.2,20576.25,19540.0,19811.66,256634.35529,-806.990132840976,-532.8516974117532,-274.1384354292228
2022-08-31,19813.03,20490.0,19797.94,20050.02,276946.60765,-814.2382434681858,-589.1290066230398,-225.10923684514603
2022-09-01,20048.44,20208.37,19565.66,20131.46,245289.97263,-804.1412561422876,-632.1314565268895,-172.00979961539815
2022-09-02,20132.64,20441.26,19755.29,19951.86,245986.6033,-801.3935736944477,-665.9838799604012,-135.40969373404653
2022-09-03,19950.98,20055.93,19652.72,19831.9,146639.03204,-799.6775994268319,-692.7226238536873,-106.95497557314457
2022-09-04,19832.45,20029.23,19583.1,20000.3,145588.77893,-775.7864218732684,-709.3353834576036,-66.45103841566481
2022-09-05,20000.3,20057.27,19633.83,19796.84,222543.01057,-764.4578192672161,-720.3598706195262,-44.09794864768992
2022-09-06,19795.34,20180.0,18649.51,18790.61,356315.05718,-827.1394232736748,-741.715781150356,-85.42364212331881
2022-09-07,18790.61,19464.06,18510.77,19292.84,287394.7788,-826.758920164506,-758.724408953186,-68.03451121132002
2022-09-08,19292.85,19458.25,19012.0,19319.77,262813.28273,-814.8907890087248,-769.9576849642938,-44.93310404443105
2022-09-09,19320.54,21597.22,19291.75,21360.11,428919.74652,-633.5437256928417,-742.6748931100034,109.13116741716169
2022-09-10,21361.62,21810.8,21111.13,21648.34,307997.33504,-461.2501151098222,-686.3899375099672,225.13982240014502
2022-09-11,21647.21,21860.0,21350.0,21826.87,280702.55149,-306.7641226005071,-610.4647745280753,303.7006519275682
2022-09-12,21826.87,22488.0,21538.51,22395.74,395395.61828,-136.8522581262514,-515.7422712477105,378.8900131214591
2022-09-13,22395.44,22799.0,19860.0,20173.57,431915.03333,-179.4379795993991,-448.48141291804825,269.04343331864914
2022-09-14,20173.62,20541.48,19617.62,20226.71,340826.40151,-206.51889551597196,-400.08890943763305,193.5700139216611
2022-09-15,20227.17,20330.24,19497.0,19701.88,333069.76076,-267.24942627094424,-373.5210128042953,106.27158653335107
2022-09-16,19701.88,19890.0,19320.01,19803.3,283791.07064,-303.69426459724855,-359.55566316288593,55.86139856563739
2022-09-17,19803.3,20189.0,19748.08,20113.62,179350.24338,-304.03213776347184,-348.4509580830031,44.41882031953128
2022-09-18,20112.61,20117.26,19335.62,19416.18,254217.46904,-356.4683388166268,-350.05443422972786,-6.413904586898923
2022-09-19,19417.45,19686.2,18232.56,19537.02,380512.40306,-383.8488571481139,-356.8133188134051,-27.035538334708804
2022-09-20,19537.02,19634.62,18711.87,18875.0,324098.3286,-453.73719650015846,-376.1980943507558,-77.53910214940265
2022-09-21,18874.31,19956.0,18125.98,18461.36,385034.10021,-536.3191467446304,-408.22230482953074,-128.09684191509967
2022-09-22,18461.36,19550.17,18356.39,19401.63,379321.72111,-519.9009123578871,-430.55802633520204,-89.3428860226851
2022-09-23,19401.63,19500.0,18531.42,19289.91,385886.91829,-510.02496333855015,-446.4514137358717,-63.57354960267844
2022-09-24,19288.57,19316.14,18805.34,18920.5,239496.56746,-525.9437501372086,-462.3498810161391,-63.593869121069474
2022-09-25,18921.99,19180.21,18629.2,18807.38,191191.4492,-541.4458907898625,-478.1690829708838,-63.27680781897868
2022-09-26,18809.13,19318.96,18680.72,19227.82,439239.21943,-513.8817458221165,-485.3116155411304,-28.57013028098612
2022-09-27,19226.68,20385.86,18816.32,19079.13,593260.74161,-498.2910140573913,-487.9074952443826,-10.38351881300872
2022-09-28,19078.1,19790.0,18471.28,19412.82,521385.45547,-453.7783778991907,-481.08167177534426,27.30329387615359
2022-09-29,19412.82,19645.52,18843.01,19591.51,406424.93256,-399.47806891029177,-464.7609512023338,65.28288229204202
2022-09-30,19590.54,20185.0,19155.36,19422.61,444322.9534,-365.85613942998316,-444.9799888478637,79.12384941788054
2022-10-01,19422.61,19484.0,19159.42,19310.95,165625.13959,-344.252221581537,-424.83443539459836,80.58221381306134
2022-10-02,19312.24,19395.91,18920.35,19056.8,206812.47032,-343.6770469529074,-408.6029577062602,64.92591075335281
2022-10-03,19057.74,19719.1,18959.68,19629.08,293585.75212,-293.65789820451755,-385.6139458059117,91.95604760139418
2022-10-04,19629.08,20475.0,19490.6,20337.82,327012.00127,-194.5849138779522,-347.40813942031986,152.82322554236765
2022-10-05,20337.82,20365.6,19730.0,20158.26,312239.75224,-129.0700126092379,-303.74051405810343,174.67050144886554
2022-10-06,20158.26,20456.6,19853.0,19960.67,320122.1702,-92.03195591597978,-261.3988024296787,169.36684651369893
2022-10-07,19960.67,20068.82,19320.0,19530.09,220874.83913,-96.31300031965657,-228.38164200767432,132.06864168801775
2022-10-08,19530.09,19627.38,19237.14,19417.96,102480.09842,-107.51435419354311,-204.2081844448481,96.69383025130497
2022-10-09,19416.52,19558.0,19316.04,19439.02,113900.82681,-113.38510889024474,-186.04356933392742,72.65846044368269
2022-10-10,19439.96,19525.0,19020.25,19131.87,212509.09849,-141.19455933478093,-177.07376733409814,35.8792079993172
2022-10-11,19131.87,19268.09,18860.0,19060.0,243473.84286,-167.10675487583285,-175.08036484244508,7.97360996661223
2022-10-12,19060.0,19238.31,18965.88,19155.53,213826.26731,-177.8833553153927,-175.64096293703463,-2.242392378358062
2022-10-13,19155.1,19513.79,18190.0,19375.13,399756.68337,-166.7814513256999,-173.8690606147677,7.087609289067814
2022-10-14,19375.58,19951.87,19070.37,19176.93,351634.32601,-171.99356129017542,-173.49396074984926,1.5003994596738437
2022-10-15,19176.93,19227.68,18975.18,19069.39,113847.64232,-182.69577210234638,-175.3343230203487,-7.361449081997677
2022-10-16,19068.4,19425.84,19063.74,19262.98,131894.61885,-173.55561507937819,-174.9785814321546,1.4229663527764274
2022-10-17,19262.98,19676.96,19152.03,19549.86,222813.87634,-141.5316673824127,-168.28919862220624,26.757531239793536
2022-10-18,19548.48,19706.66,19091.0,19327.44,260313.07848,-132.57168935906157,-161.14569676957734,28.574007410515776
2022-10-19,19327.44,19360.16,19065.97,19123.97,186137.29538,-140.27220014579507,-156.9709974448209,16.69879729902584
2022-10-20,19123.35,19347.82,18900.0,19041.92,223530.13068,-151.25211942148962,-155.82722184015466,4.57510241866504
2022-10-21,19041.92,19250.0,18650.0,19164.37,269310.75769,-148.3628582338206,-154.33434911888784,5.971490885067254
2022-10-22,19164.37,19257.0,19112.72,19204.35,110403.90837,-141.21915948868264,-151.7113111928468,10.492151704164172
2022-10-23,19204.29,19695.0,19070.11,19570.4,167057.20184,-104.8123395659859,-142.33151686747462,37.519177301488725
2022-10-24,19570.4,19601.15,19157.0,19329.72,256168.14467,-94.29357934659492,-132.72392936329868,38.430350016703756
2022-10-25,19330.6,20415.87,19237.0,20080.07,326370.67061,-25.120834680728876,-111.20331042678472,86.08247574605585
2022-10-26,20079.02,21020.0,20050.41,20771.59,380492.69576,84.52460156381858,-72.05772802866406,156.58232959248264
2022-10-27,20771.61,20872.21,20200.0,20295.11,328643.57791,131.4561017375927,-31.354962075412708,162.8110638130054
2022-10-28,20295.11,20750.0,20000.09,20591.84,287039.94569,190.39848960322706,12.995728260315246,177.40276134291182
2022-10-29,20591.84,21085.0,20554.01,20809.67,254881.77755,251.78539189563526,60.75366098737925,191.031730908256
2022-10-30,20809.68,20931.21,20515.0,20627.48,192795.60886,282.4775188552667,105.09843256095674,177.37908629430996
2022-10-31,20627.48,20845.92,20237.95,20490.74,303567.61628,292.3969058594739,142.5581272206602,149.83877863881372
2022-11-01,20490.74,20700.0,20330.74,20483.62,279932.43771,296.2683696848835,173.30017571350487,122.96819397137864
2022-11-02,20482.81,20800.0,20048.04,20151.84,373716.27299,269.4585094947106,192.53184246974604,76.92666702496456
2022-11-03,20151.84,20393.32,20031.24,20207.82,319185.1544,249.848522058026,203.99517838740204,45.85334367062396
2022-11-04,20207.12,21302.05,20180.96,21148.52,453694.39165,306.6788906240654,224.53192083473473,82.14696978933065
2022-11-05,21148.52,21480.65,21080.65,21299.37,245621.98525,359.7428102627091,251.57409872032963,108.16871154237947
2022-11-06,21299.37,21365.27,20886.13,20905.58,230036.97217,365.8040258170586,274.42008413967545,91.38394167738312
2022-11-07,20905.58,21069.77,20384.89,20591.13,386977.60337,341.29980409107156,287.79602812995466,53.5037759611169
2022-11-08,20590.67,20700.88,17166.83,18547.23,760705.362783,155.16572947280656,261.26996839852507,-106.1042389257185
2022-11-09,18545.38,18587.76,15588.0,15922.81,731926.929729,-201.78952248706264,168.65807022140754,-370.4475927084702
2022-11-10,15922.68,18199.0,15754.26,17601.15,608448.36432,-345.271050119587,65.87224615320862,-411.1432962727956
2022-11-11,17602.45,17695.0,16361.6,17070.31,393552.86492,-496.09685040011755,-46.52157315745661,-449.57527724266095
2022-11-12,17069.98,17119.1,16631.39,16812.08,167819.96035,-629.2112312421268,-163.05950477439066,-466.1517264677361
2022-11-13,16813.16,16954.28,16229.0,16329.85,184960.78846,-764.8011167309705,-283.40782716570664,-481.3932895652639
2022-11-14,16331.78,17190.0,15815.21,16619.46,380210.7775,-839.2140342309976,-394.56906857876487,-444.64496565223277
2022-11-15,16617.72,17134.69,16527.72,16900.57,282461.84391,-865.5263310275259,-488.7605210685171,-376.7658099590088
2022-11-16,16900.57,17015.92,16378.61,16662.76,261493.40809,-895.2484287338921,-570.0581026015922,-325.1903261322999
2022-11-17,16661.61,16751.0,16410.74,16692.56,228038.97873,-905.9555032476128,-637.2375827307964,-268.71792051681643
2022-11-18,16692.56,17011.0,16546.04,16700.45,214224.18184,-903.3905558922925,-690.4681773630956,-212.92237852919686
2022-11-19,16699.43,16822.41,16553.53,16700.68,104963.15558,-891.0675851051637,-730.5880589115093,-160.47952619365446
2022-11-20,16700.68,16753.33,16180.0,16280.23,154842.13478,-904.7983904986686,-765.4301252289412,-139.36826526972743
2022-11-21,16279.5,16319.0,15476.0,15781.29,324096.997753,-945.0465327243655,-801.353406728026,-143.69312599633952
2022-11-22,15781.29,16315.0,15616.63,16226.94,239548.06623,-930.2597890809702,-827.134683198615,-103.12510588235523
2022-11-23,16227.96,16706.0,16160.2,16603.11,264927.70408,-878.0656191144262,-837.3208703817772,-40.744748732648986
2022-11-24,16603.11,16812.63,16458.05,16598.95,206565.92346,-827.4981569569973,-835.3563276968213,7.858170739824004
2022-11-25,16599.55,16666.0,16342.81,16522.14,182089.49533,-784.576889945256,-825.2004401465083,40.62355020125233
2022-11-26,16521.35,16701.99,16385.0,16458.57,181804.81666,-747.0791805777044,-809.5761882327475,62.49700765504315
2022-11-27,16457.61,16600.0,16401.0,16428.78,162025.47607,-711.563320753241,-789.9736147368462,78.41029398360524
2022-11-28,16428.77,16487.04,15995.27,16212.91,252695.40367,-692.8489197995659,-770.5486757493902,77.6997559498243
2022-11-29,16212.18,16548.71,16100.0,16442.53,248106.25009,-651.9736607070918,-746.8336727409305,94.86001203383876
2022-11-30,16442.91,17249.0,16428.3,17163.64,303019.80719,-554.9945413530768,-708.4658464633599,153.47130511028308
2022-12-01,17165.53,17324.0,16855.01,16977.37,232818.18218,-487.54817101755907,-664.2823113741997,176.73414035664064
2022-12-02,16978.0,17105.73,16787.85,17092.74,202372.2062,-419.9461638200155,-615.4150818633628,195.46891804334734
2022-12-03,17092.13,17188.98,16858.74,16885.2,154542.57306,-378.7518144336791,-568.0824283774261,189.33061394374704
2022-12-04,16885.2,17202.84,16878.25,17105.7,178619.13387,-324.5710356901509,-519.3801498399712,194.8091141498203
2022-12-05,17106.65,17424.25,16867.0,16966.35,233703.29225,-289.53913170943997,-473.41194621386495,183.87281450442498
2022-12-06,16966.35,17107.01,16906.37,17088.96,218730.76883,-249.0120373460959,-428.5319644403112,179.5199270942153
2022-12-07,17088.96,17142.21,16678.83,16836.64,220657.41334,-234.55038749052983,-389.73564905035494,155.1852615598251
2022-12-08,16836.64,17299.0,16733.49,17224.1,236417.97804,-189.63860612231656,-349.7162404647473,160.0776343424307
2022-12-09,17224.1,17360.0,17058.21,17128.56,238422.06465,-159.91161381249185,-311.7553151342962,151.84370132180436
2022-12-10,17128.56,17227.72,17092.0,17127.49,140573.97937,-134.88423677416722,-276.3810994622704,141.4968626881032
2022-12-11,17127.49,17270.99,17071.0,17085.05,155286.47871,-117.1242777068328,-244.5297351111829,127.4054574043501
2022-12-12,17085.05,17241.89,16871.85,17209.83,226227.49694,-91.92107014459543,-214.0080021178654,122.08693197326997
2022-12-13,17208.93,18000.0,17080.14,17774.7,284462.9139,-26.06657908991474,-176.4197175122753,150.35313842236056
2022-12-14,17775.82,18387.95,17660.94,17803.15,266681.22209,28.095390586429858,-135.51669589253427,163.61208647896413
2022-12-15,17804.01,17854.82,17275.51,17356.34,223701.96882,34.56684385893459,-101.49998794224051,136.0668318011751
2022-12-16,17356.96,17531.73,16527.32,16632.12,253379.04116,-18.52938897724016,-84.90586814924045,66.37647917200029
2022-12-17,16631.5,16796.82,16579.85,16776.52,144825.66684,-48.39875215113716,-77.60444494961979,29.20569279848263
2022-12-18,16777.54,16863.26,16663.07,16738.21,112619.31646,-74.30519051073497,-76.94459406184284,2.6394035511078613
2022-12-19,16739.0,16815.99,16256.3,16438.88,179094.28305,-117.6336514419163,-85.08240553785754,-32.55124590405876
2022-12-20,16438.88,17061.27,16397.2,16895.56,248808.92324,-113.80958349407229,-90.82784112910049,-22.981742364971794
2022-12-21,16896.15,16925.0,16723.0,16824.67,156810.96362,-115.17158628714242,-95.69659016070888,-19.47499612643354
2022-12-22,16824.68,16868.52,16559.85,16821.43,176044.27235,-115.18464732117718,-99.59420159280255,-15.590445728374632
2022-12-23,16821.9,16955.14,16731.13,16778.5,161612.00947,-117.30685015614654,-103.13673130547136,-14.17011885067518
2022-12-24,16778.52,16869.99,16776.62,16836.12,100224.29096,-113.03624724729525,-105.11663449383614,-7.919612753459106
2022-12-25,16835.73,16857.96,16721.0,16832.11,125441.07202,-108.72205696546371,-105.83771898816167,-2.884337977302039
2022-12-26,16832.11,16944.52,16791.0,16919.39,124564.00656,-97.14048843165438,-104.09827287686021,6.9577844452058315
2022-12-27,16919.39,16972.83,16592.37,16706.36,173749.58616,-103.95344199141255,-104.06930669977068,0.11586470835813145
2022-12-28,16706.06,16785.19,16465.33,16547.31,193037.56577,-120.79432079759135,-107.41430951933482,-13.380011278256532
2022-12-29,16547.32,16664.41,16488.91,16633.47,160998.47158,-125.7390056651384,-111.07924874849554,-14.659756916642849
2022-12-30,16633.47,16677.35,16333.0,16607.48,164916.31174,-130.25339972757502,-114.91407894431144,-15.339320783263574
2022-12-31,16607.48,16644.09,16470.0,16542.4,114490.42864,-137.49751587646097,-119.43076633074135,-18.066749545719617
2023-01-01,16541.77,16628.0,16499.01,16616.75,96925.41374,-135.67512806289233,-122.67963867717154,-12.995489385720788
2023-01-02,16617.17,16799.23,16548.7,16672.87,121888.57191,-128.2243669204945,-123.78858432583614,-4.435782594658363
2023-01-03,16672.78,16778.4,16605.28,16675.18,159541.53733,-120.74135614601983,-123.17913868987289,2.4377825438530607
2023-01-04,16675.65,16991.87,16652.66,16850.36,220362.18862,-99.52815561164243,-118.4489420742268,18.920786462584374
2023-01-05,16850.36,16879.82,16753.0,16831.85,163473.56641,-83.25048390395023,-111.4092504401715,28.15876653622128
2023-01-06,16831.85,17041.0,16679.0,16950.65,207401.28415,-60.071675769388094,-101.14173550601484,41.070059736626746
2023-01-07,16950.31,16981.91,16908.0,16943.57,104526.5688,-41.791849729270325,-89.27175835066595,47.47990862139562
2023-01-08,16943.83,17176.99,16911.0,17127.83,135155.89695,-12.29498488610625,-73.87640365775401,61.58141877164776
2023-01-09,17127.83,17398.8,17104.66,17178.26,266211.52723,14.978114177749376,-56.10550009065334,71.08361426840271
2023-01-10,17179.04,17499.0,17146.34,17440.66,221382.42581,57.10742980695068,-33.462914111132534,90.57034391808321
2023-01-11,17440.64,18000.0,17315.6,17943.26,262221.60653,129.55737874940678,-0.8588555390246704,130.41623428843144
2023-01-12,17943.26,19117.04,17892.05,18846.62,454568.32178,256.90662787812107,50.69424114440448,206.21238673371658
2023-01-13,18846.62,20000.0,18714.12,19930.01,368615.87823,440.1782432595537,128.59104156743433,311.5872016921194
2023-01-14,19930.01,21258.0,19888.05,20954.92,393913.74951,660.5100417121321,234.9748415963739,425.5352001157582
2023-01-15,20952.76,21050.74,20551.01,20871.5,178542.22549,818.9529032722785,351.7704539315548,467.1824493407237
2023-01-16,20872.99,21474.05,20611.48,21185.65,293078.08262,958.8166506111738,473.1796932674786,485.6369573436952
2023-01-17,21185.65,21647.45,20841.31,21134.81,275407.74409,1053.4142116247094,589.2265969389248,464.18761468578464
2023-01-18,21132.29,21650.0,20407.15,20677.47,350916.01949,1079.0414265313302,687.1895628574059,391.8518636739243
2023-01-19,20677.47,21192.0,20659.19,21071.59,251385.84925,1118.2627324948517,773.404196784895,344.85853570995664
2023-01-20,21071.59,22755.93,20861.28,22667.21,338079.13659,1263.5338669962402,871.4301308271641,392.1037361690761
2023-01-21,22666.0,23371.8,22422.0,22783.55,346445.48432,1372.2317203292805,971.5904487275875,400.641271601693
2023-01-22,22783.35,23078.71,22292.37,22707.88,253577.75286,1435.719534532327,1064.4162658885355,371.3032686437916
2023-01-23,22706.02,23180.0,22500.0,22916.45,293588.37938,1485.7372860072828,1148.680469912285,337.0568160949979
2023-01-24,22917.81,23162.2,22462.93,22632.89,293158.78254,1485.3733330488285,1216.0190425395936,269.35429050923494
2023-01-25,22631.94,23816.73,22300.0,23060.94,346042.83223,1502.3072920352424,1273.2766924387233,229.0305995965191
2023-01-26,23060.42,23282.47,22850.01,23009.65,288924.43581,1494.3628178276122,1317.4939175165011,176.86890031111102
2023-01-27,23009.65,23500.0,22534.88,23074.16,280833.86315,1476.2548358378444,1349.2461011807698,127.00873465707468
2023-01-28,23074.16,23189.0,22878.46,23022.6,148115.71085,1441.1312050955712,1367.62312196373,73.5080831318412
2023-01-29,23021.4,23960.54,22967.76,23742.3,295688.79204,1454.6015091568042,1385.018799402345,69.5827097544593
2023-01-30,23743.37,23800.51,22500.0,22826.15,302405.90121,1375.4953199266383,1383.1141035072037,-7.618783580565378
2023-01-31,22827.38,23320.0,22714.77,23125.13,264649.34909,1321.6926324109663,1370.8298092879563,-49.13717687699
2023-02-01,23125.13,23812.66,22760.23,23732.66,310790.42271,1312.9414369794722,1359.2521348262596,-46.310697846787434
2023-02-02,23731.41,24255.0,23363.27,23488.94,364177.20751,1271.6807404222673,1341.7378559454612,-70.05711552319394
2023-02-03,23489.33,23715.7,23204.62,23431.9,332571.02904,1220.3116962202148,1317.452624000412,-97.14092778019722
2023-02-04,23431.9,23587.78,23253.96,23326.84,166126.47295,1157.7777533699445,1285.5176498743185,-127.73989650437397
2023-02-05,23327.66,23433.33,22743.0,22932.91,209251.33917,1064.1652596454296,1241.2471718285408,-177.08191218311117
2023-02-06,22932.91,23158.25,22628.13,22762.52,265371.6069,965.1025336829698,1186.0182441994266,-220.91571051645678
2023-02-07,22762.52,23350.25,22745.78,23240.46,308006.72482,914.6172351803798,1131.7380423956172,-217.1208072152374
2023-02-08,23242.42,23452.0,22665.85,22963.0,280056.30717,842.5066766933924,1073.8917692551722,-231.38509256177986
2023-02-09,22961.85,23011.39,21688.0,21796.35,402894.6955,683.3424878310143,995.7819129703407,-312.43942513932643
2023-02-10,21797.83,21938.16,21451.0,21625.19,338591.94247,537.200032308283,904.0655368379292,-366.8655045296463
2023-02-11,21625.19,21906.32,21599.78,21862.55,177021.58433,435.5137206331128,810.3551735969661,-374.84145296385327
2023-02-12,21862.02,22090.0,21630.0,21783.54,204435.65163,344.5790465784012,717.1999481932531,-372.62090161485196
2023-02-13,21782.37,21894.99,21351.07,21773.97,295730.76791,268.64368603322146,627.4886957612468,-358.8450097280254
2023-02-14,21774.63,22319.08,21532.77,22199.84,361958.40109,240.0612390416063,550.0032044173188,-309.94196537571247
2023-02-15,22199.84,24380.0,22047.28,24324.05,375669.16111,384.38449294798556,516.8794621234522,-132.49496917546662
2023-02-16,24322.87,25250.0,23505.25,23517.72,450080.68366,428.7551962313519,499.25460894503215,-70.49941271368027
2023-02-17,23517.72,25021.11,23339.37,24569.97,496813.21376,542.5726395874772,507.9182150735212,34.65442451395597
2023-02-18,24568.24,24877.0,24430.0,24631.95,216917.25213,630.5069597145011,532.4359640017173,98.07099571278388
2023-02-19,24632.05,25192.0,24192.57,24271.76,300395.99542,663.4830001591545,558.6453712332047,104.83762892594973
2023-02-20,24272.51,25121.23,23840.83,24842.2,346938.56997,727.2630546367691,592.3689079139176,134.89414672285147
2023-02-21,24843.89,25250.0,24148.34,24452.16,376000.82868,737.8309827359044,621.4613228783151,116.36965985758934
2023-02-22,24450.67,24476.05,23574.69,24182.21,379425.75365,716.1678952610309,640.4026373548583,75.76525790617268
2023-02-23,24182.21,24599.59,23608.0,23940.2,398400.45437,671.7282923076564,646.6677683454179,25.06052396223845
2023-02-24,23940.2,24132.35,22841.19,23185.29,343582.57453,569.0351755515039,631.1412497866352,-62.106074235131246
2023-02-25,23184.04,23219.13,22722.0,23157.07,191311.8101,479.84170600692596,600.8813410306933,-121.03963502376735
2023-02-26,23157.07,23689.99,23059.18,23554.85,202323.73623,436.2242389163621,567.9499206078272,-131.72568169146507
2023-02-27,23554.85,23897.99,23106.77,23492.09,283706.0859,392.0732975899555,532.7745960042529,-140.7012984142974
2023-02-28,23492.09,23600.0,23020.97,23141.57,264140.99894,325.05232307393817,491.23014141818993,-166.17781834425176
2023-03-01,23141.57,24000.0,23020.03,23628.97,315287.41737,307.7196242585487,454.5280379862617,-146.808413727713
2023-03-02,23629.76,23796.93,23195.9,23465.32,239315.45219,277.5783972748868,419.1381098439868,-141.5597125691
2023-03-03,23465.32,23476.95,21971.13,22354.34,319954.19785,162.1750040851257,367.74548869221456,-205.57048460708887
2023-03-04,22354.34,22410.0,22157.08,22346.57,121257.38132,69.29126293548325,308.0546435408683,-238.76338060538507
2023-03-05,22346.57,22662.09,22189.22,22430.24,154841.75786,2.4039869585758424,246.92451222440982,-244.52052526583398
2023-03-06,22430.24,22602.19,22258.0,22410.0,203751.82957,-51.64255674935339,187.2110984296572,-238.8536551790106
2023-03-07,22409.41,22557.91,21927.0,22197.96,292519.80912,-110.31306755471815,127.70626523278213,-238.01933278750028
2023-03-08,22198.56,22287.0,21580.0,21705.44,301460.57272,-194.31220772923916,63.30257064037787,-257.61477836961706
2023-03-09,21704.37,21834.99,20042.72,20362.22,443658.28584,-365.0605687465468,-22.37005723700706,-342.6905115095397
2023-03-10,20362.21,20367.78,19549.09,20150.69,618456.4671,-511.5517283043082,-120.2063914504673,-391.3453368538409
2023-03-11,20150.69,20686.51,19765.03,20455.73,427831.82133,-596.1606797720196,-215.39724911477776,-380.7634306572419
2023-03-12,20455.73,22150.0,20270.6,21997.11,430944.94288,-532.6968020926288,-278.85715971034796,-253.83964238228083
2023-03-13,21998.05,24500.0,21813.88,24113.48,687889.31259,-308.0765355108524,-284.7010348704489,-23.375500640403516
2023-03-14,24112.27,26386.87,23976.42,24670.41,699360.93423,-84.1536880691674,-244.59156551019262,160.43787744102522
2023-03-15,24670.41,25196.97,23896.95,24285.66,581450.72984,61.55114896428131,-183.36302261529784,244.91417157957915
2023-03-16,24285.66,25167.4,24123.0,24998.78,439421.32998,231.89298824730577,-100.31182044277712,332.20480869008287
2023-03-17,24998.78,27756.84,24890.0,27395.13,624460.68091,553.87086246338,30.52471613845431,523.3461463249257
2023-03-18,27395.13,27724.85,26578.0,26907.49,371238.97174,760.9207540860807,176.60392372797958,584.3168303581011
2023-03-19,26907.49,28390.1,26827.22,27972.87,372066.99054,999.4554469063005,341.1742283636438,658.2812185426567
2023-03-20,27972.87,28472.0,27124.47,27717.01,477378.23373,1154.5413122565442,503.8476451422239,650.6936671143203
2023-03-21,27717.01,28438.55,27303.1,28105.47,420929.7422,1293.878428274471,661.8538017686733,632.0246265057976
2023-03-22,28107.81,28868.05,26601.8,27250.97,224113.41296,1320.1353889349593,793.5101192019305,526.6252697330289
2023-03-23,27250.97,28750.0,27105.0,28295.41,128649.60818,1408.9799548206975,916.604086325684,492.3758684950135
2023-03-24,28295.42,28374.3,27000.0,27454.47,86242.06544,1395.4472363001696,1012.3727163205812,383.07451997958844
2023-03-25,27454.46,27787.33,27156.09,27462.95,50844.08102,1369.6186136838005,1083.8218957932252,285.79671789057534
2023-03-26,27462.96,28194.4,27417.76,27968.05,49671.70353,1374.0672015064883,1141.870956935878,232.19624457061036
2023-03-27,27968.05,28023.86,26508.14,27124.91,88039.46898,1294.6346455099447,1172.4236946506915,122.21095085925322
2023-03-28,27124.9,27520.0,26631.78,27261.07,78602.44341,1228.50925667493,1183.6408070555392,44.86844961939073
2023-03-29,27261.06,28650.0,27240.1,28348.6,89486.16008,1249.4560402751304,1196.8038536994575,52.652186575672886
2023-03-30,28348.6,29184.68,27686.0,28028.53,98865.43256,1226.0958731211576,1202.6622575837976,23.433615537360083
2023-03-31,28028.53,28656.69,27511.71,28465.36,78198.12139,1228.6679829222194,1207.863402651482,20.80458027073746
2023-04-01,28465.36,28819.71,28220.27,28452.73,30238.44753,1215.673732960975,1209.4254687133807,6.248264247594307
2023-04-02,28452.74,28530.0,28355.0,28416.38,6443.21833,1188.7395059775408,1205.2882761662129,-16.54877018867205
